Country,Year,Status,Life expectancy,Adult Mortality,Infant deaths,Under-five deaths,GDP,Schooling,BMI,Alcohol,percentage expenditure,Population
United States,2000,Developed,76.9,80.0,2.0,2.0,50568.32000000001,15.7,25.9,9.17,5.13,245577003
United States,2001,Developed,77.4,90.0,5.0,7.0,59293.98,15.3,27.7,7.95,10.87,57972561
United States,2002,Developed,77.4,39.0,9.0,11.0,50568.32000000001,15.9,24.6,14.56,9.79,258072949
United States,2003,Developed,77.5,113.0,6.0,8.0,66699.86,16.2,27.0,9.19,8.63,112665644
United States,2004,Developed,78.2,75.0,4.0,5.0,67567.74,16.3,25.8,9.66,9.46,273981039
United States,2005,Developed,77.3,76.0,2.0,2.0,69835.88,15.9,27.7,9.3,7.83,277406835
United States,2006,Developed,78.9,78.0,2.0,2.0,70863.72,16.3,26.4,8.17,5.9,36563453
United States,2007,Developed,78.3,65.0,5.0,6.0,65968.29,16.4,26.5,8.21,7.99,292669966
United States,2008,Developed,78.2,80.0,3.0,3.0,69569.04,16.8,26.8,11.87,9.6,133863028
United States,2009,Developed,79.0,32.0,8.0,9.0,71057.76,17.0,31.4,8.01,9.38,265219973
United States,2010,Developed,78.7,11.0,7.0,10.0,78618.64,16.8,28.9,9.41,5.83,35109026
United States,2011,Developed,79.4,43.0,9.0,13.0,77620.24,16.6,27.9,9.17,7.66,261425328
United States,2012,Developed,79.2,87.0,9.0,10.0,75388.24,17.2,25.1,11.32,6.77,106797503
United States,2013,Developed,78.8,61.0,10.0,12.0,82749.87,17.1,26.9,11.6,7.99,189652398
United States,2014,Developed,79.0,74.0,7.0,11.0,83800.43,17.0,26.9,8.1,9.17,44369428
United States,2015,Developed,79.2,39.0,9.0,11.0,88173.26,16.9,26.1,9.9,10.67,200759529
Germany,2000,Developed,78.9,75.0,1.0,2.0,53623.2,15.2,26.5,8.92,7.99,184157310
Germany,2001,Developed,78.8,50.0,11.0,13.0,48607.36,15.6,26.7,12.33,6.89,58351079
Germany,2002,Developed,78.6,93.0,3.0,4.0,50713.66,15.2,26.4,12.53,8.61,152171559
Germany,2003,Developed,78.5,44.0,8.0,11.0,57200.21,15.4,27.0,13.23,7.25,207411513
Germany,2004,Developed,79.6,69.0,6.0,7.0,58190.2,15.4,25.8,10.29,8.19,225061323
Germany,2005,Developed,79.4,64.0,9.0,10.0,59439.85,15.6,26.1,7.82,9.27,292586873
Germany,2006,Developed,79.1,72.0,5.0,6.0,59824.97,16.1,27.2,7.66,9.74,240475901
Germany,2007,Developed,79.8,58.0,2.0,2.0,56984.36,15.2,26.4,9.78,7.81,223350046
Germany,2008,Developed,80.2,73.0,2.0,2.0,61288.2,16.3,27.0,10.95,7.78,78273675
Germany,2009,Developed,79.7,62.0,10.0,15.0,62430.38,15.7,27.5,9.58,7.72,15509187
Germany,2010,Developed,79.7,52.0,12.0,17.0,64468.21,15.8,23.2,10.3,8.8,241687490
Germany,2011,Developed,80.3,45.0,5.0,7.0,69102.0,16.4,28.0,8.14,10.79,11986868
Germany,2012,Developed,80.3,45.0,7.0,9.0,69067.73,16.4,24.9,7.49,6.69,43734307
Germany,2013,Developed,80.1,97.0,11.0,16.0,73462.52,16.2,26.1,9.17,7.99,26301054
Germany,2014,Developed,80.7,65.0,6.0,8.0,72485.44,17.1,28.6,7.71,10.03,18864557
Germany,2015,Developed,80.8,58.0,10.0,14.0,74194.89,17.1,25.9,7.87,11.81,196574678
Japan,2000,Developed,73.7,74.0,13.0,16.0,30554.41,14.9,27.1,10.96,8.5,200594780
Japan,2001,Developed,74.3,31.0,4.0,5.0,35729.98,15.4,26.8,9.73,6.59,245298087
Japan,2002,Developed,73.9,81.0,4.0,5.0,36922.49,15.0,26.8,9.17,8.77,83537517
Japan,2003,Developed,74.3,56.0,8.0,9.0,37449.63,15.2,28.5,9.17,6.16,43758171
Japan,2004,Developed,75.0,82.0,4.0,6.0,38635.81,16.3,25.1,7.38,6.64,10810404
Japan,2005,Developed,74.6,52.0,4.0,5.0,37097.08,14.8,31.3,9.8,10.47,244350896
Japan,2006,Developed,75.0,56.0,4.0,6.0,37361.22,15.7,22.4,9.35,9.36,183087754
Japan,2007,Developed,75.2,71.0,2.0,2.0,42446.68,15.1,28.1,9.56,3.89,129161931
Japan,2008,Developed,76.4,52.0,2.0,3.0,39448.54,15.7,28.5,10.06,10.16,159230518
Japan,2009,Developed,75.3,67.0,8.0,11.0,41097.26,15.9,28.4,8.12,8.69,173645754
Japan,2010,Developed,76.3,76.0,0.0,0.0,43552.85,16.0,30.0,6.58,5.58,137826817
Japan,2011,Developed,75.2,52.0,8.0,12.0,47196.98,16.2,31.5,8.03,8.61,266094240
Japan,2012,Developed,76.6,41.0,1.0,1.0,46205.94,16.2,22.6,15.35,8.27,146836355
Japan,2013,Developed,75.8,90.0,8.0,10.0,50568.32000000001,15.7,26.9,9.36,11.97,26836512
Japan,2014,Developed,76.3,37.0,0.0,0.0,49065.49,16.4,30.8,7.02,7.81,175034265
Japan,2015,Developed,75.7,51.0,0.0,0.0,51936.11,16.4,23.7,8.54,8.94,187636634
United Kingdom,2000,Developed,78.9,70.0,1.0,2.0,33366.36,16.3,26.7,14.15,8.09,289091276
United Kingdom,2001,Developed,78.1,83.0,10.0,13.0,40552.9,16.8,25.0,9.17,12.19,257153253
United Kingdom,2002,Developed,79.0,63.0,4.0,5.0,50568.32000000001,17.2,29.0,7.46,7.06,24656190
United Kingdom,2003,Developed,78.8,41.0,6.0,8.0,39643.88,17.1,27.5,6.84,8.92,186318110
United Kingdom,2004,Developed,79.6,75.0,10.0,12.0,42928.99,17.0,26.0,11.37,6.99,263536417
United Kingdom,2005,Developed,79.3,58.0,16.0,23.0,42341.42,16.7,21.4,7.41,10.43,62658869
United Kingdom,2006,Developed,79.8,63.0,1.0,2.0,44364.93,17.6,27.0,12.62,7.97,48226729
United Kingdom,2007,Developed,79.5,65.0,12.0,15.0,48699.3,17.6,26.0,9.74,7.82,255996160
United Kingdom,2008,Developed,80.2,25.0,15.0,23.0,43954.45,17.5,26.4,7.28,9.05,134930531
United Kingdom,2009,Developed,80.0,53.0,0.0,0.0,50568.32000000001,15.7,23.4,9.17,11.45,297792194
United Kingdom,2010,Developed,80.4,99.0,8.0,12.0,46691.59,17.6,29.6,10.68,7.99,122821649
United Kingdom,2011,Developed,80.3,34.0,0.0,0.0,49268.53,17.8,29.1,11.26,7.88,297784273
United Kingdom,2012,Developed,80.7,86.0,12.0,17.0,49897.43,17.0,23.2,13.08,8.73,4828433
United Kingdom,2013,Developed,80.3,47.0,2.0,2.0,48911.95,18.7,24.0,9.57,4.87,15372528
United Kingdom,2014,Developed,80.6,40.0,10.0,15.0,52625.42,15.7,26.6,13.62,7.0,181534424
United Kingdom,2015,Developed,80.7,70.0,0.0,0.0,52376.66,18.2,28.1,10.26,11.68,44951994
France,2000,Developed,76.6,52.0,6.0,9.0,31552.48,15.7,27.7,9.17,8.16,144680471
France,2001,Developed,76.5,76.0,11.0,15.0,29873.25,15.3,27.3,11.2,8.1,139902074
France,2002,Developed,76.9,63.0,11.0,13.0,31628.96,14.8,25.4,9.84,8.6,33073692
France,2003,Developed,76.4,47.0,5.0,7.0,30281.59,14.9,26.3,9.17,7.4,16886372
France,2004,Developed,76.5,79.0,3.0,4.0,32679.84,15.7,27.3,7.88,8.57,36490172
France,2005,Developed,76.7,83.0,2.0,3.0,31522.35,15.2,28.8,7.55,9.1,28209162
France,2006,Developed,77.7,46.0,5.0,7.0,32615.1,14.8,27.5,7.58,7.0,134719871
France,2007,Developed,76.9,10.0,8.0,11.0,34335.34,15.9,26.5,8.68,5.99,6290717
France,2008,Developed,76.9,71.0,2.0,2.0,35880.67,15.0,29.0,8.1,4.36,179939423
France,2009,Developed,77.1,42.0,5.0,6.0,37402.14,15.6,26.2,11.37,7.99,285487921
France,2010,Developed,77.4,39.0,10.0,12.0,36579.02,15.7,28.2,11.8,9.39,136661445
France,2011,Developed,77.7,86.0,16.0,21.0,50568.32000000001,15.9,26.6,11.7,8.7,80790594
France,2012,Developed,77.7,81.0,13.0,19.0,42507.86,15.4,26.6,7.87,7.88,158507371
France,2013,Developed,77.5,64.0,10.0,15.0,41061.13,15.7,26.8,8.03,10.36,77123517
France,2014,Developed,78.1,49.0,9.0,11.0,43690.83,15.6,27.4,11.95,10.07,29207970
France,2015,Developed,77.2,45.0,4.0,5.0,42529.45,16.2,25.3,12.62,7.99,166458757
Canada,2000,Developed,79.0,80.0,2.0,3.0,42278.19,13.9,27.0,8.67,6.28,11856760
Canada,2001,Developed,79.9,86.0,3.0,4.0,45070.3,15.7,27.8,8.86,7.94,134872126
Canada,2002,Developed,80.3,11.0,0.0,0.0,50568.32000000001,14.0,28.0,9.86,4.87,4184790
Canada,2003,Developed,79.5,64.0,9.0,14.0,50568.32000000001,14.2,28.0,8.94,11.01,80540080
Canada,2004,Developed,79.5,66.0,10.0,14.0,52806.67,14.2,26.5,12.23,8.68,16099203
Canada,2005,Developed,79.9,79.0,10.0,12.0,52195.23,14.4,24.3,11.68,10.38,273468110
Canada,2006,Developed,80.9,105.0,10.0,13.0,54078.3,14.4,26.4,8.09,7.97,23315019
Canada,2007,Developed,81.0,96.0,4.0,5.0,53892.21,14.7,29.5,6.63,10.3,256275796
Canada,2008,Developed,80.7,80.0,6.0,8.0,54950.74,15.5,26.0,6.88,8.09,243400841
Canada,2009,Developed,80.6,14.0,6.0,8.0,57564.28,15.0,31.5,10.16,9.74,214775319
Canada,2010,Developed,80.5,85.0,2.0,2.0,59099.66,14.9,27.6,13.45,6.14,185744622
Canada,2011,Developed,80.5,36.0,9.0,10.0,56825.38,15.3,24.3,8.13,6.96,219361489
Canada,2012,Developed,81.3,56.0,2.0,2.0,63348.32,15.1,27.0,7.83,7.7,82861168
Canada,2013,Developed,81.9,29.0,0.0,0.0,63001.53,15.2,24.3,5.1,7.06,268562795
Canada,2014,Developed,80.8,50.0,1.0,2.0,58403.45,14.7,28.6,8.53,7.41,163787783
Canada,2015,Developed,81.2,70.0,0.0,0.0,60800.12,14.9,22.7,10.67,8.05,286939003
Australia,2000,Developed,77.7,55.0,0.0,0.0,56771.42,16.2,26.3,9.06,7.99,69599551
Australia,2001,Developed,77.4,67.0,10.0,12.0,59340.47,16.2,20.2,9.48,6.55,264922206
Australia,2002,Developed,78.3,90.0,6.0,9.0,61784.96,16.5,26.3,9.17,7.38,141428443
Australia,2003,Developed,77.3,106.0,0.0,0.0,62594.31,16.8,26.6,6.27,7.99,110541530
Australia,2004,Developed,77.8,68.0,0.0,0.0,54592.47,16.6,27.4,7.01,7.95,206984443
Australia,2005,Developed,78.0,71.0,10.0,13.0,64913.15,17.2,27.6,9.58,7.99,292332520
Australia,2006,Developed,78.3,84.0,6.0,9.0,67579.58,17.4,28.6,9.17,7.99,109100050
Australia,2007,Developed,78.8,62.0,5.0,6.0,70077.58,17.0,25.9,9.47,7.97,106886094
Australia,2008,Developed,78.3,61.0,2.0,2.0,67948.66,17.4,27.0,7.28,6.68,298444968
Australia,2009,Developed,79.4,72.0,1.0,1.0,74959.8,17.5,27.7,6.91,5.05,277617339
Australia,2010,Developed,78.8,53.0,7.0,9.0,71647.49,17.6,23.7,9.74,10.4,239776982
Australia,2011,Developed,79.2,72.0,11.0,16.0,71513.13,17.3,27.0,13.6,9.61,36908279
Australia,2012,Developed,79.2,36.0,8.0,12.0,77766.09,17.6,28.5,7.29,7.07,21686655
Australia,2013,Developed,79.2,89.0,0.0,0.0,73555.65,17.7,24.8,10.44,7.44,45564078
Australia,2014,Developed,80.2,49.0,6.0,8.0,76199.48,15.7,25.3,7.87,8.28,265074294
Australia,2015,Developed,79.3,77.0,5.0,7.0,80985.99,18.2,29.6,9.72,7.13,269616816
Sweden,2000,Developed,77.7,82.0,14.0,17.0,43266.91,15.8,30.1,6.18,6.24,113513996
Sweden,2001,Developed,77.8,16.0,0.0,0.0,48012.01,15.8,25.4,10.82,10.14,215069885
Sweden,2002,Developed,78.2,49.0,7.0,8.0,45679.19,16.2,27.2,8.8,7.69,51275547
Sweden,2003,Developed,78.7,50.0,10.0,13.0,48993.57,16.0,31.1,11.14,6.91,107658430
Sweden,2004,Developed,78.9,85.0,7.0,8.0,50044.26,16.5,27.0,7.32,8.92,253109170
Sweden,2005,Developed,78.2,83.0,0.0,0.0,50422.98,16.5,27.1,8.41,8.23,210760432
Sweden,2006,Developed,78.5,39.0,1.0,2.0,58195.03,17.1,27.1,8.63,10.06,224151807
Sweden,2007,Developed,79.2,69.0,13.0,17.0,56829.21,16.3,27.8,7.22,8.17,147974663
Sweden,2008,Developed,78.7,55.0,11.0,14.0,55887.93,16.3,25.6,11.1,5.93,173185519
Sweden,2009,Developed,78.5,64.0,5.0,6.0,60666.77,17.6,26.4,7.9,9.42,209706525
Sweden,2010,Developed,79.3,69.0,4.0,5.0,50568.32000000001,16.6,29.0,9.07,7.6,118680480
Sweden,2011,Developed,78.9,75.0,0.0,0.0,58151.47,17.1,25.3,9.14,9.56,194783458
Sweden,2012,Developed,79.0,85.0,5.0,6.0,50568.32000000001,17.1,27.3,6.64,9.78,264398311
Sweden,2013,Developed,80.1,36.0,12.0,18.0,62312.32,17.0,26.0,10.37,7.11,254806331
Sweden,2014,Developed,79.8,58.0,0.0,0.0,62320.4,15.7,28.7,8.62,6.59,181494616
Sweden,2015,Developed,80.4,63.0,15.0,20.0,50568.32000000001,17.4,27.0,7.45,11.14,175798652
Norway,2000,Developed,81.7,76.0,8.0,11.0,24724.2,13.0,31.5,9.17,5.46,77350218
Norway,2001,Developed,81.2,70.0,6.0,8.0,23932.49,13.5,29.0,5.38,6.97,256962699
Norway,2002,Developed,81.7,84.0,1.0,1.0,25076.57,13.5,27.8,9.17,7.99,27912512
Norway,2003,Developed,82.2,28.0,0.0,0.0,25273.55,13.4,27.0,3.97,5.83,72178892
Norway,2004,Developed,81.9,54.0,2.0,3.0,23665.32,13.1,26.8,7.84,9.28,293945424
Norway,2005,Developed,82.0,23.0,9.0,13.0,25665.24,15.7,26.6,5.84,7.99,7722055
Norway,2006,Developed,82.2,72.0,2.0,2.0,27765.44,14.1,27.5,10.84,8.17,126583691
Norway,2007,Developed,82.9,75.0,7.0,8.0,25801.81,13.9,28.3,6.71,8.16,51279504
Norway,2008,Developed,82.6,53.0,1.0,2.0,26776.83,14.2,26.7,9.52,9.58,208791969
Norway,2009,Developed,82.7,12.0,0.0,0.0,29085.4,14.2,27.1,9.17,8.65,75042569
Norway,2010,Developed,83.4,85.0,14.0,17.0,28501.4,13.6,26.1,8.05,7.98,24429562
Norway,2011,Developed,82.4,51.0,0.0,0.0,28883.2,14.0,26.9,6.19,5.82,58568342
Norway,2012,Developed,83.2,62.0,8.0,10.0,50568.32000000001,14.0,26.0,10.09,9.27,225072441
Norway,2013,Developed,83.8,38.0,4.0,5.0,29832.13,14.4,31.7,11.2,10.94,87490964
Norway,2014,Developed,84.2,18.0,2.0,2.0,34410.7,14.4,27.2,7.95,7.94,103202896
Norway,2015,Developed,83.6,79.0,15.0,23.0,31095.73,15.4,24.7,11.73,6.75,84548084
Netherlands,2000,Developed,82.5,10.0,8.0,9.0,29607.33,12.7,27.4,12.91,7.64,291049589
Netherlands,2001,Developed,82.8,53.0,2.0,2.0,31277.46,15.7,27.4,9.36,7.99,104509526
Netherlands,2002,Developed,82.6,64.0,5.0,7.0,29268.68,12.2,25.4,8.64,8.12,120714828
Netherlands,2003,Developed,82.9,53.0,6.0,7.0,29563.2,12.9,29.4,11.96,7.28,270907998
Netherlands,2004,Developed,83.3,41.0,7.0,10.0,30692.5,13.2,28.0,6.69,8.1,109860886
Netherlands,2005,Developed,83.0,56.0,8.0,11.0,33532.95,12.8,25.8,10.77,8.31,17406440
Netherlands,2006,Developed,83.6,81.0,0.0,0.0,31587.25,13.2,24.6,7.5,7.99,182641686
Netherlands,2007,Developed,83.9,61.0,0.0,0.0,32759.23,13.3,29.1,10.23,9.81,207957353
Netherlands,2008,Developed,83.9,67.0,0.0,0.0,33575.38,13.3,29.7,9.17,7.51,23148023
Netherlands,2009,Developed,84.0,40.0,10.0,14.0,50568.32000000001,14.2,28.0,9.17,8.15,271773833
Netherlands,2010,Developed,84.0,12.0,5.0,6.0,32727.84,13.8,27.0,9.04,8.82,226667301
Netherlands,2011,Developed,84.3,46.0,0.0,0.0,38803.27,13.6,26.1,6.59,6.08,78139897
Netherlands,2012,Developed,84.8,99.0,7.0,8.0,50568.32000000001,13.9,29.3,8.06,7.4,106034343
Netherlands,2013,Developed,84.3,61.0,4.0,5.0,38888.71,14.0,25.7,8.25,7.52,135526345
Netherlands,2014,Developed,84.9,42.0,1.0,2.0,38341.57,15.7,27.1,9.9,8.3,26433907
Netherlands,2015,Developed,85.0,68.0,0.0,0.0,50568.32000000001,14.1,27.4,11.17,8.27,98386988
Switzerland,2000,Developed,75.5,33.0,6.0,9.0,59775.2,13.6,25.7,10.1,7.13,142299258
Switzerland,2001,Developed,76.7,81.0,4.0,5.0,59249.51,12.9,23.9,9.61,7.99,39819913
Switzerland,2002,Developed,76.3,61.0,1.0,1.0,63299.5,13.6,25.4,15.99,5.8,45855106
Switzerland,2003,Developed,77.1,28.0,12.0,14.0,50568.32000000001,15.7,24.5,9.03,6.57,8611432
Switzerland,2004,Developed,76.8,29.0,13.0,16.0,67143.31,14.0,27.2,10.56,7.56,76412007
Switzerland,2005,Developed,76.7,27.0,5.0,7.0,64873.18,13.7,27.0,10.35,7.45,148798722
Switzerland,2006,Developed,77.5,85.0,4.0,5.0,67538.29,15.7,28.3,13.84,9.29,264414459
Switzerland,2007,Developed,76.8,76.0,4.0,5.0,68506.23,14.0,29.3,11.39,6.53,287815642
Switzerland,2008,Developed,77.7,63.0,0.0,0.0,50568.32000000001,13.4,23.4,5.5,8.2,15749151
Switzerland,2009,Developed,77.4,122.0,8.0,11.0,74930.75,14.5,26.6,11.16,9.49,230858501
Switzerland,2010,Developed,77.5,36.0,10.0,14.0,77530.15,13.6,28.9,8.99,7.99,24698370
Switzerland,2011,Developed,77.7,85.0,5.0,7.0,78581.3,14.2,32.8,13.58,10.89,235487796
Switzerland,2012,Developed,77.1,43.0,8.0,12.0,82663.17,14.0,26.2,9.17,9.16,259974070
Switzerland,2013,Developed,78.2,38.0,11.0,14.0,79341.95,14.0,24.0,7.74,10.3,294574773
Switzerland,2014,Developed,78.3,77.0,6.0,9.0,82845.25,15.7,26.3,9.85,7.75,171643816
Switzerland,2015,Developed,78.3,81.0,0.0,0.0,82016.44,14.8,25.1,7.34,7.01,80601871
Denmark,2000,Developed,76.3,58.0,15.0,21.0,55230.77,12.1,28.5,11.02,4.99,203104159
Denmark,2001,Developed,75.9,33.0,10.0,13.0,59702.55,12.6,29.3,9.09,7.62,14321008
Denmark,2002,Developed,75.5,102.0,1.0,1.0,62430.99,15.7,29.3,9.52,8.45,55659450
Denmark,2003,Developed,76.3,71.0,2.0,2.0,59378.01,12.7,25.3,8.87,6.93,206607242
Denmark,2004,Developed,75.4,87.0,0.0,0.0,63707.13,12.6,27.2,10.96,6.87,226467088
Denmark,2005,Developed,76.4,89.0,0.0,0.0,67631.23,12.8,28.4,5.77,4.95,105463611
Denmark,2006,Developed,75.9,93.0,3.0,3.0,68502.32,12.4,26.9,10.96,7.99,50359781
Denmark,2007,Developed,76.8,63.0,2.0,2.0,66033.44,13.1,27.7,9.17,6.76,65448823
Denmark,2008,Developed,76.6,72.0,0.0,0.0,72329.33,13.3,29.9,7.52,6.36,123657596
Denmark,2009,Developed,77.3,72.0,15.0,18.0,73792.69,13.4,24.7,7.02,8.8,297136237
Denmark,2010,Developed,77.6,23.0,0.0,0.0,74586.32,13.5,23.4,11.24,10.75,83568904
Denmark,2011,Developed,77.7,61.0,12.0,18.0,73585.67,13.5,26.0,7.31,10.58,16438825
Denmark,2012,Developed,76.9,65.0,1.0,1.0,77792.71,13.3,26.2,8.05,6.07,89797488
Denmark,2013,Developed,77.7,56.0,9.0,13.0,81721.99,13.9,25.1,10.83,9.61,12331383
Denmark,2014,Developed,77.6,54.0,5.0,5.0,85047.1,13.8,27.0,11.47,7.31,115993586
Denmark,2015,Developed,78.1,61.0,9.0,13.0,84002.22,13.9,21.2,9.17,7.14,296123002
Finland,2000,Developed,82.2,65.0,0.0,0.0,37018.92,15.9,30.6,4.67,8.46,226371615
Finland,2001,Developed,82.3,69.0,6.0,8.0,35380.97,16.3,27.6,10.57,8.47,179870004
Finland,2002,Developed,82.4,46.0,9.0,12.0,35506.59,16.1,26.7,7.18,10.28,149222609
Finland,2003,Developed,82.5,62.0,0.0,0.0,39624.96,16.8,26.4,10.23,8.79,47606102
Finland,2004,Developed,82.9,29.0,10.0,14.0,36774.12,16.4,27.7,6.28,7.52,61993015
Finland,2005,Developed,83.3,72.0,0.0,0.0,50568.32000000001,16.9,26.5,9.17,7.99,285243914
Finland,2006,Developed,83.4,52.0,4.0,6.0,42350.86,16.5,27.0,5.5,5.71,67974034
Finland,2007,Developed,82.9,63.0,4.0,5.0,50568.32000000001,17.1,28.1,10.25,9.33,18196045
Finland,2008,Developed,84.3,87.0,1.0,2.0,43616.13,17.3,26.0,6.59,7.99,182858709
Finland,2009,Developed,83.9,70.0,0.0,0.0,47004.98,15.7,33.1,9.48,6.27,117017893
Finland,2010,Developed,83.7,58.0,0.0,0.0,46032.03,17.2,28.3,9.08,11.84,48645934
Finland,2011,Developed,83.8,92.0,8.0,11.0,45655.55,17.5,27.3,8.29,6.7,260388724
Finland,2012,Developed,83.9,46.0,0.0,0.0,47517.46,17.2,27.0,8.49,7.64,40911037
Finland,2013,Developed,83.8,34.0,9.0,11.0,49914.55,17.0,30.0,12.02,7.83,231313087
Finland,2014,Developed,83.7,14.0,8.0,11.0,50568.32000000001,17.2,30.3,9.96,8.55,275343182
Finland,2015,Developed,84.6,52.0,14.0,19.0,50376.07,18.3,28.2,9.41,7.61,177718010
New Zealand,2000,Developed,78.6,77.0,1.0,1.0,44598.84,13.8,27.8,7.82,6.74,249411372
New Zealand,2001,Developed,79.8,75.0,8.0,9.0,43254.41,14.5,27.0,9.27,5.5,95287443
New Zealand,2002,Developed,80.0,36.0,1.0,2.0,47249.99,14.6,26.5,7.13,7.0,154814126
New Zealand,2003,Developed,78.5,88.0,3.0,3.0,45979.38,14.6,27.8,7.8,6.33,46444007
New Zealand,2004,Developed,79.1,74.0,3.0,4.0,50108.07,15.7,22.9,9.45,8.73,221957927
New Zealand,2005,Developed,80.3,39.0,3.0,3.0,50568.32000000001,14.5,30.1,7.77,5.54,183606679
New Zealand,2006,Developed,80.6,51.0,1.0,1.0,53070.86,15.3,28.9,9.17,9.56,261467387
New Zealand,2007,Developed,79.8,37.0,0.0,0.0,49537.56,15.0,27.6,9.17,3.51,22588887
New Zealand,2008,Developed,79.9,55.0,11.0,13.0,57305.91,15.5,24.8,8.0,7.26,237041176
New Zealand,2009,Developed,80.6,47.0,11.0,14.0,55108.32,15.5,30.6,8.18,7.8,66184214
New Zealand,2010,Developed,80.5,70.0,6.0,8.0,57979.29,15.6,25.2,12.03,8.9,140343547
New Zealand,2011,Developed,80.9,29.0,2.0,2.0,60852.84,15.4,28.5,5.99,7.99,13275520
New Zealand,2012,Developed,81.0,64.0,3.0,4.0,59124.19,15.3,29.1,6.42,8.4,63701639
New Zealand,2013,Developed,81.1,61.0,0.0,0.0,60979.58,15.6,25.7,9.32,8.08,268098896
New Zealand,2014,Developed,81.6,38.0,2.0,3.0,64210.15,16.1,23.3,9.17,8.79,1122019
New Zealand,2015,Developed,81.2,54.0,6.0,7.0,61845.55,15.6,29.0,12.51,8.03,271798310
Austria,2000,Developed,80.5,50.0,4.0,5.0,36762.38,16.2,27.5,11.4,8.21,242813997
Austria,2001,Developed,79.1,64.0,6.0,8.0,37866.78,15.8,29.0,11.0,9.63,87566339
Austria,2002,Developed,79.8,104.0,4.0,5.0,36545.84,15.7,24.3,7.07,7.06,283145481
Austria,2003,Developed,80.0,50.0,1.0,1.0,50568.32000000001,16.5,26.6,11.1,10.48,164290849
Austria,2004,Developed,79.9,59.0,7.0,11.0,38715.02,16.1,28.3,9.17,7.99,173906799
Austria,2005,Developed,81.4,68.0,0.0,0.0,43896.6,16.1,27.1,6.68,7.54,291144720
Austria,2006,Developed,80.9,53.0,0.0,0.0,41964.6,15.5,23.7,9.5,6.22,239080063
Austria,2007,Developed,80.3,52.0,0.0,0.0,43274.8,16.6,28.9,6.41,6.15,266909614
Austria,2008,Developed,81.1,84.0,7.0,9.0,46556.89,16.4,25.6,6.61,9.34,129940620
Austria,2009,Developed,81.4,74.0,16.0,21.0,49188.17,16.5,27.0,5.33,6.82,276873552
Austria,2010,Developed,81.4,27.0,0.0,0.0,51355.26,16.7,26.9,10.32,8.96,50987331
Austria,2011,Developed,81.8,90.0,9.0,11.0,45922.77,17.4,30.6,10.84,6.85,290284539
Austria,2012,Developed,81.0,46.0,7.0,9.0,50234.95,17.1,24.5,11.39,8.72,120624467
Austria,2013,Developed,82.1,52.0,0.0,0.0,51138.95,17.4,27.6,10.43,4.84,11675927
Austria,2014,Developed,81.9,66.0,8.0,11.0,47946.21,17.3,29.1,8.77,8.38,5776415
Austria,2015,Developed,81.7,66.0,6.0,9.0,52257.79,17.5,26.5,8.83,3.22,294183236
India,2000,Developing,52.5,231.0,36.0,47.0,5880.25,7.5,23.1,6.84,1.62,59954235
India,2001,Developing,51.8,212.0,30.0,39.0,5962.57,7.0,22.5,4.54,5.59,36261362
India,2002,Developing,52.6,217.0,46.0,56.0,6009.07,7.7,24.5,6.89,3.94,3361331
India,2003,Developing,52.7,219.0,40.0,58.0,6717.84,7.6,22.7,0.49,4.27,104795589
India,2004,Developing,53.2,193.0,33.0,46.0,6709.61,8.3,22.7,-0.05,5.21,157075636
India,2005,Developing,53.0,242.0,44.0,62.0,6771.65,7.6,23.1,5.54,3.89,13194329
India,2006,Developing,52.5,241.0,48.0,61.0,6891.91,8.1,26.0,2.06,0.64,172628760
India,2007,Developing,53.6,200.0,39.0,45.0,7595.44,8.2,21.1,2.32,5.01,252536089
India,2008,Developing,52.9,227.0,35.0,40.0,6942.66,8.9,23.6,4.31,5.53,249126650
India,2009,Developing,52.8,207.0,39.0,47.0,7421.59,8.7,24.4,5.19,2.47,1573881
India,2010,Developing,52.5,246.0,44.0,49.0,7306.47,8.2,22.3,4.72,1.79,279552846
India,2011,Developing,54.3,193.0,37.0,48.0,7692.33,8.5,21.4,3.89,5.1,63565460
India,2012,Developing,54.2,231.0,32.0,44.0,8509.01,9.1,23.3,3.78,2.79,165783982
India,2013,Developing,53.8,192.0,45.0,68.0,8286.97,8.8,28.5,2.7,2.8,210142776
India,2014,Developing,53.3,265.0,44.0,65.0,8129.43,8.5,22.8,5.29,5.12,239620493
India,2015,Developing,54.1,222.0,34.0,45.0,8173.85,8.8,26.5,3.28,3.9,96427651
Brazil,2000,Developing,58.6,273.0,36.0,50.0,3627.96,6.2,20.4,4.14,4.08,105507624
Brazil,2001,Developing,58.2,248.0,36.0,42.0,3694.44,6.5,23.1,2.9,7.12,219018085
Brazil,2002,Developing,58.2,197.0,27.0,33.0,3606.6,7.3,22.0,6.99,3.89,157585184
Brazil,2003,Developing,58.5,219.0,35.0,49.0,3882.46,6.8,25.5,1.4,3.44,57586535
Brazil,2004,Developing,59.0,219.0,43.0,51.0,4295.5,6.5,23.2,2.22,3.91,3928785
Brazil,2005,Developing,59.0,200.0,45.0,64.0,3657.42,7.2,20.0,0.93,5.26,25669000
Brazil,2006,Developing,59.4,257.0,36.0,41.0,4989.6849999999995,6.8,23.4,4.14,2.06,143955451
Brazil,2007,Developing,58.9,196.0,49.0,67.0,3995.15,7.1,24.0,4.36,4.21,284807324
Brazil,2008,Developing,59.4,213.0,40.0,55.0,4354.02,7.3,25.3,5.56,2.81,43973491
Brazil,2009,Developing,59.6,214.0,39.0,48.0,4252.18,7.8,22.7,3.85,4.73,31147291
Brazil,2010,Developing,59.5,207.0,43.0,63.0,4614.93,7.2,21.7,6.68,3.89,95469046
Brazil,2011,Developing,60.0,208.0,41.0,53.0,4605.67,8.0,21.5,5.56,4.13,151683145
Brazil,2012,Developing,60.1,264.0,38.0,54.0,4330.33,7.9,21.5,3.74,4.51,161261303
Brazil,2013,Developing,60.0,250.0,33.0,48.0,4824.24,8.3,25.0,5.08,5.47,48447968
Brazil,2014,Developing,60.6,226.0,42.0,58.0,4962.17,7.9,24.9,4.14,3.53,62189747
Brazil,2015,Developing,61.0,203.0,39.0,55.0,5250.95,7.9,23.1,1.95,3.55,47021853
China,2000,Developing,55.2,172.0,45.0,60.0,1744.6,8.1,22.7,-0.85,2.69,291440213
China,2001,Developing,55.9,223.0,44.0,54.0,1735.91,7.7,22.8,1.18,3.39,1975112
China,2002,Developing,56.0,235.0,35.0,42.0,1893.63,8.2,25.2,4.26,3.67,153858851
China,2003,Developing,55.6,213.0,45.0,65.0,1932.37,9.0,24.1,5.41,5.68,137247069
China,2004,Developing,55.7,220.0,35.0,39.0,4989.6849999999995,8.7,23.1,1.16,3.22,296791282
China,2005,Developing,56.2,194.0,36.0,53.0,1921.32,8.7,23.1,5.23,5.19,160091241
China,2006,Developing,56.0,226.0,36.0,40.0,2028.78,8.7,23.6,4.36,5.95,202333056
China,2007,Developing,56.5,224.0,35.0,44.0,2096.11,8.9,21.0,5.87,0.65,150807430
China,2008,Developing,56.2,227.0,47.0,55.0,2331.99,8.8,22.1,2.64,2.76,186113550
China,2009,Developing,56.8,267.0,48.0,65.0,2343.52,9.0,22.7,2.43,3.89,134614248
China,2010,Developing,56.4,246.0,41.0,59.0,2185.45,8.8,20.8,2.06,3.53,141726254
China,2011,Developing,56.9,217.0,38.0,53.0,2382.26,9.8,24.6,3.27,3.77,51711717
China,2012,Developing,57.1,208.0,36.0,48.0,2483.11,9.7,22.4,7.3,4.94,201477332
China,2013,Developing,57.7,217.0,53.0,71.0,2299.29,9.6,23.1,3.71,3.48,190872051
China,2014,Developing,56.8,207.0,44.0,64.0,2535.86,9.1,24.3,4.14,5.57,192535971
China,2015,Developing,57.5,246.0,34.0,48.0,2716.45,8.2,24.0,1.17,4.33,181007110
Nigeria,2000,Developing,60.8,245.0,26.0,29.0,5272.53,11.0,23.8,3.94,3.85,165543254
Nigeria,2001,Developing,60.8,242.0,42.0,55.0,5233.11,10.7,22.6,1.34,3.98,283374266
Nigeria,2002,Developing,60.4,206.0,34.0,49.0,5307.28,10.8,24.8,5.65,5.02,45338446
Nigeria,2003,Developing,60.5,242.0,44.0,52.0,5607.4,10.7,20.8,4.14,2.66,180921858
Nigeria,2004,Developing,61.1,222.0,34.0,46.0,5329.05,11.1,23.8,6.73,6.46,142259777
Nigeria,2005,Developing,61.4,211.0,30.0,44.0,5665.96,10.6,24.5,4.14,3.89,158680885
Nigeria,2006,Developing,60.6,196.0,35.0,42.0,4989.6849999999995,11.6,22.0,0.94,0.05,142734929
Nigeria,2007,Developing,61.6,207.0,46.0,55.0,6176.69,11.4,22.6,2.96,3.87,124638161
Nigeria,2008,Developing,61.8,192.0,34.0,48.0,6526.8,11.7,17.3,2.07,2.27,214209879
Nigeria,2009,Developing,61.2,190.0,41.0,60.0,6364.06,11.6,22.2,4.45,6.51,46316734
Nigeria,2010,Developing,61.2,237.0,41.0,48.0,6991.92,11.7,24.6,2.02,3.05,146283710
Nigeria,2011,Developing,61.1,223.0,40.0,48.0,6643.73,11.8,23.3,6.34,3.71,23991510
Nigeria,2012,Developing,61.1,209.0,49.0,65.0,6704.87,11.8,20.5,3.54,2.01,222694319
Nigeria,2013,Developing,62.1,199.0,33.0,39.0,7138.49,11.7,21.9,3.73,3.44,130487062
Nigeria,2014,Developing,62.5,189.0,48.0,57.0,7041.89,12.5,22.3,3.71,3.52,185769702
Nigeria,2015,Developing,62.6,212.0,32.0,48.0,7239.65,12.1,24.1,4.58,3.46,35139374
Mexico,2000,Developing,66.3,210.0,36.0,48.0,5134.33,8.2,22.9,5.98,3.67,144658229
Mexico,2001,Developing,67.0,208.0,38.0,54.0,4989.6849999999995,10.4,21.6,4.14,3.76,177888235
Mexico,2002,Developing,66.5,213.0,47.0,61.0,4989.6849999999995,8.2,21.1,6.56,4.98,94830920
Mexico,2003,Developing,66.1,223.0,46.0,65.0,5213.55,10.6,26.9,5.79,4.03,152139398
Mexico,2004,Developing,66.2,232.0,37.0,55.0,5359.07,10.5,23.1,4.14,3.06,127790978
Mexico,2005,Developing,67.1,251.0,36.0,51.0,5860.73,10.9,20.5,5.18,3.89,235955255
Mexico,2006,Developing,67.1,238.0,50.0,63.0,5341.73,11.5,27.6,3.99,5.77,254618460
Mexico,2007,Developing,66.8,230.0,32.0,41.0,6217.07,11.1,20.6,3.83,6.27,190040636
Mexico,2008,Developing,67.2,213.0,40.0,58.0,6221.98,11.3,20.3,4.45,3.31,127042106
Mexico,2009,Developing,67.4,202.0,38.0,57.0,6121.39,10.8,24.1,5.52,3.56,294943704
Mexico,2010,Developing,67.7,225.0,40.0,45.0,6265.66,11.5,23.3,4.17,6.39,127122433
Mexico,2011,Developing,68.3,208.0,41.0,57.0,6843.19,11.8,21.7,5.02,3.35,131368589
Mexico,2012,Developing,67.5,213.0,41.0,50.0,6595.41,11.9,22.0,5.6,5.4,32747976
Mexico,2013,Developing,68.0,211.0,40.0,57.0,6941.15,11.8,23.1,4.2,3.89,84687685
Mexico,2014,Developing,67.8,235.0,45.0,54.0,6686.17,8.2,21.8,7.4,3.4,292715155
Mexico,2015,Developing,67.7,184.0,49.0,57.0,4989.6849999999995,12.6,23.3,7.55,4.58,220754183
Indonesia,2000,Developing,64.3,217.0,45.0,54.0,916.98,7.8,20.0,4.51,5.19,274370446
Indonesia,2001,Developing,65.0,224.0,31.0,41.0,923.71,8.0,21.9,4.81,2.84,194323089
Indonesia,2002,Developing,64.9,237.0,42.0,57.0,988.05,8.3,21.8,5.99,1.74,33123007
Indonesia,2003,Developing,65.5,225.0,39.0,50.0,4989.6849999999995,9.3,20.5,4.94,5.97,126500938
Indonesia,2004,Developing,65.8,227.0,39.0,44.0,1050.84,8.3,24.7,6.16,3.32,237659268
Indonesia,2005,Developing,66.1,215.0,43.0,59.0,1022.56,8.8,23.1,3.32,3.78,2079037
Indonesia,2006,Developing,66.4,255.0,35.0,51.0,1055.77,8.7,23.4,2.53,0.97,201404166
Indonesia,2007,Developing,65.3,222.0,42.0,50.0,1049.35,8.6,26.0,3.02,3.27,245823381
Indonesia,2008,Developing,65.5,212.0,43.0,58.0,1125.56,8.4,24.6,4.64,5.0,146161064
Indonesia,2009,Developing,65.9,245.0,44.0,62.0,4989.6849999999995,9.6,23.1,3.08,5.13,67345536
Indonesia,2010,Developing,66.8,194.0,40.0,44.0,1194.92,9.3,21.7,2.65,3.04,16978042
Indonesia,2011,Developing,66.4,196.0,35.0,47.0,1239.09,8.6,20.3,4.63,3.72,68368966
Indonesia,2012,Developing,66.9,232.0,27.0,30.0,1150.61,9.0,26.6,2.94,5.54,64497807
Indonesia,2013,Developing,66.8,262.0,46.0,62.0,1292.7,9.6,25.3,5.95,3.89,299488478
Indonesia,2014,Developing,67.9,213.0,38.0,46.0,1256.0,9.4,23.1,4.57,4.48,25203403
Indonesia,2015,Developing,67.6,266.0,38.0,42.0,1294.78,8.2,24.2,3.1,2.49,283270085
Pakistan,2000,Developing,69.1,229.0,37.0,50.0,2080.82,9.5,23.1,6.9,4.02,47153077
Pakistan,2001,Developing,68.9,204.0,39.0,49.0,2255.23,9.5,21.4,4.14,3.89,134577446
Pakistan,2002,Developing,68.8,236.0,39.0,54.0,2287.11,8.2,25.4,2.46,4.82,13229793
Pakistan,2003,Developing,69.4,214.0,45.0,56.0,2454.12,10.3,23.1,7.27,5.97,183033369
Pakistan,2004,Developing,68.3,198.0,43.0,59.0,2460.12,10.1,21.3,4.14,4.21,31580703
Pakistan,2005,Developing,69.0,235.0,42.0,49.0,2797.44,9.8,23.1,5.28,3.89,175495001
Pakistan,2006,Developing,69.2,231.0,25.0,29.0,2684.76,10.2,23.7,5.41,3.4,127498865
Pakistan,2007,Developing,68.9,233.0,40.0,54.0,2711.96,10.2,24.2,1.85,4.19,4527110
Pakistan,2008,Developing,69.6,218.0,38.0,52.0,2732.77,10.3,24.9,2.89,6.54,243417992
Pakistan,2009,Developing,70.2,204.0,44.0,53.0,3050.61,10.1,25.3,2.41,2.57,156165499
Pakistan,2010,Developing,69.5,219.0,46.0,52.0,2837.65,10.7,24.6,4.62,2.67,104182225
Pakistan,2011,Developing,70.7,219.0,37.0,53.0,4989.6849999999995,11.0,24.2,3.07,5.15,249648772
Pakistan,2012,Developing,70.3,230.0,30.0,39.0,3046.38,10.8,27.2,4.42,3.27,14831553
Pakistan,2013,Developing,70.3,224.0,46.0,62.0,3196.07,10.6,24.4,4.58,2.65,256207891
Pakistan,2014,Developing,70.2,215.0,39.0,56.0,3224.15,11.3,22.2,4.78,3.01,120692255
Pakistan,2015,Developing,70.8,199.0,42.0,60.0,3396.73,11.0,21.3,4.03,2.54,278562520
Bangladesh,2000,Developing,63.5,207.0,43.0,60.0,6824.63,7.4,23.3,5.27,7.59,247707096
Bangladesh,2001,Developing,63.1,217.0,51.0,63.0,6545.86,7.5,26.7,5.01,3.91,11086627
Bangladesh,2002,Developing,64.1,188.0,45.0,67.0,6677.53,7.6,21.1,4.32,5.18,294348472
Bangladesh,2003,Developing,64.1,216.0,31.0,43.0,6629.14,7.9,23.7,5.74,2.22,224440338
Bangladesh,2004,Developing,64.9,201.0,35.0,50.0,7475.92,7.9,24.2,2.79,2.52,58338099
Bangladesh,2005,Developing,64.1,228.0,40.0,52.0,7355.0,8.2,23.1,5.06,3.89,205630891
Bangladesh,2006,Developing,64.9,217.0,38.0,45.0,7949.47,8.0,21.3,1.27,2.93,140190792
Bangladesh,2007,Developing,64.4,236.0,40.0,52.0,4989.6849999999995,7.5,26.6,3.5,2.68,227333648
Bangladesh,2008,Developing,64.9,227.0,41.0,45.0,8021.61,7.9,24.0,4.11,5.46,55416105
Bangladesh,2009,Developing,65.0,201.0,46.0,65.0,8012.22,8.2,21.7,3.22,2.47,66758489
Bangladesh,2010,Developing,65.3,247.0,44.0,58.0,8152.72,8.2,23.3,3.16,2.3,147712146
Bangladesh,2011,Developing,65.4,236.0,34.0,49.0,8322.57,8.7,23.1,3.1,4.36,73469542
Bangladesh,2012,Developing,66.1,231.0,40.0,60.0,9171.44,8.4,25.5,3.42,3.11,57798428
Bangladesh,2013,Developing,66.2,244.0,40.0,45.0,9519.38,8.7,25.8,1.99,0.85,72370527
Bangladesh,2014,Developing,66.0,212.0,38.0,43.0,9155.12,8.2,24.7,2.12,5.68,142405834
Bangladesh,2015,Developing,65.8,187.0,49.0,60.0,9391.73,9.3,23.1,1.83,3.16,267065100
Ethiopia,2000,Developing,62.6,256.0,32.0,45.0,2811.47,5.7,23.1,3.15,3.32,109715260
Ethiopia,2001,Developing,62.8,235.0,40.0,45.0,3268.93,6.1,22.5,5.57,4.19,175172391
Ethiopia,2002,Developing,63.3,235.0,43.0,55.0,3530.65,5.4,25.4,1.57,4.68,160805295
Ethiopia,2003,Developing,63.6,226.0,40.0,60.0,3337.05,6.1,26.5,5.48,3.22,223437973
Ethiopia,2004,Developing,63.5,182.0,42.0,61.0,3291.31,5.8,23.1,4.68,3.59,257677008
Ethiopia,2005,Developing,63.4,209.0,38.0,55.0,3781.95,5.9,21.5,4.14,5.3,204310030
Ethiopia,2006,Developing,63.3,189.0,41.0,60.0,3735.8,6.4,23.2,7.09,4.13,267909690
Ethiopia,2007,Developing,63.6,231.0,34.0,42.0,4989.6849999999995,5.9,26.9,4.14,4.19,238697136
Ethiopia,2008,Developing,64.4,218.0,38.0,46.0,3791.05,6.9,24.9,3.46,1.79,200508805
Ethiopia,2009,Developing,63.8,271.0,40.0,59.0,4071.47,6.3,20.2,1.53,1.15,116769200
Ethiopia,2010,Developing,64.3,232.0,40.0,44.0,4004.65,6.4,21.3,4.14,4.15,250862121
Ethiopia,2011,Developing,64.7,233.0,48.0,65.0,4989.6849999999995,6.4,23.1,5.14,3.95,220719078
Ethiopia,2012,Developing,64.8,196.0,39.0,53.0,4537.63,7.0,25.0,5.04,3.21,80881819
Ethiopia,2013,Developing,65.2,180.0,35.0,39.0,4575.51,6.8,21.2,4.88,1.37,7877037
Ethiopia,2014,Developing,64.6,200.0,30.0,38.0,4578.78,8.2,25.2,3.75,4.02,191792759
Ethiopia,2015,Developing,65.6,224.0,35.0,46.0,4321.35,7.0,26.5,3.54,6.16,222887639
Philippines,2000,Developing,53.3,261.0,44.0,64.0,5638.13,8.2,21.9,2.73,4.88,61540089
Philippines,2001,Developing,52.1,201.0,51.0,72.0,7026.93,11.2,23.7,3.27,3.72,240963305
Philippines,2002,Developing,53.8,190.0,35.0,46.0,6366.28,11.3,24.4,2.89,4.4,153895246
Philippines,2003,Developing,52.9,182.0,43.0,50.0,6405.47,11.2,28.1,4.25,3.65,257484416
Philippines,2004,Developing,52.9,229.0,38.0,54.0,4989.6849999999995,11.5,21.3,1.33,3.89,238493785
Philippines,2005,Developing,54.5,204.0,35.0,49.0,7720.58,11.3,24.3,3.27,5.97,145087593
Philippines,2006,Developing,53.2,229.0,33.0,42.0,7681.94,12.4,21.2,8.03,4.84,122434279
Philippines,2007,Developing,53.2,203.0,47.0,52.0,7838.68,12.7,23.7,6.26,4.24,18636027
Philippines,2008,Developing,54.2,220.0,37.0,56.0,7838.61,12.2,23.4,0.78,2.95,249589205
Philippines,2009,Developing,53.6,251.0,51.0,67.0,7942.67,12.7,26.3,1.08,5.03,160950371
Philippines,2010,Developing,54.5,220.0,39.0,51.0,7867.3,12.4,22.0,0.0,4.05,108501459
Philippines,2011,Developing,54.0,202.0,31.0,46.0,8617.33,11.9,22.5,2.74,3.56,116178864
Philippines,2012,Developing,54.6,225.0,45.0,59.0,8689.19,12.1,24.1,4.11,3.0,261916089
Philippines,2013,Developing,54.3,199.0,43.0,49.0,8881.82,12.8,22.7,5.68,4.03,126042221
Philippines,2014,Developing,55.4,237.0,30.0,43.0,4989.6849999999995,13.0,23.4,4.16,1.05,113753989
Philippines,2015,Developing,54.3,235.0,31.0,38.0,9340.77,12.9,23.6,4.61,2.12,61024396
Vietnam,2000,Developing,60.4,233.0,38.0,56.0,2031.56,6.1,19.0,2.04,3.41,43885569
Vietnam,2001,Developing,60.4,215.0,31.0,43.0,2000.52,8.2,28.5,4.7,5.47,56181314
Vietnam,2002,Developing,60.0,201.0,38.0,56.0,2011.94,6.3,20.7,1.3,6.65,256167403
Vietnam,2003,Developing,60.7,201.0,42.0,55.0,2272.01,6.9,24.8,2.77,3.89,298789979
Vietnam,2004,Developing,61.2,228.0,38.0,55.0,2191.99,7.2,22.0,-1.24,2.06,31479362
Vietnam,2005,Developing,61.5,206.0,35.0,40.0,2009.81,7.4,22.6,7.73,5.51,201209653
Vietnam,2006,Developing,61.6,246.0,38.0,56.0,2497.16,6.7,19.0,5.98,3.45,225210236
Vietnam,2007,Developing,62.0,190.0,43.0,53.0,2380.2,7.4,24.3,4.14,0.62,2035108
Vietnam,2008,Developing,62.5,227.0,36.0,51.0,2490.3,7.1,23.1,4.14,6.42,173095402
Vietnam,2009,Developing,62.3,217.0,43.0,56.0,4989.6849999999995,7.6,19.9,4.46,3.23,151353247
Vietnam,2010,Developing,62.2,219.0,37.0,54.0,2605.62,7.0,24.5,8.04,4.35,123474765
Vietnam,2011,Developing,62.4,221.0,37.0,48.0,2666.91,7.4,20.0,5.34,7.75,142736661
Vietnam,2012,Developing,62.4,226.0,33.0,37.0,2560.89,7.9,24.4,3.57,5.46,186907830
Vietnam,2013,Developing,62.4,251.0,42.0,48.0,2738.61,7.6,25.8,1.41,3.87,11029521
Vietnam,2014,Developing,63.0,242.0,42.0,50.0,2802.48,8.2,23.1,4.3,4.45,17379767
Vietnam,2015,Developing,62.6,245.0,30.0,42.0,2729.95,7.9,23.2,6.0,2.65,155330649
Kenya,2000,Developing,55.1,215.0,41.0,52.0,6003.09,6.7,23.6,0.72,2.56,149438059
Kenya,2001,Developing,54.7,216.0,41.0,58.0,6274.6,7.1,22.1,4.3,4.18,56989955
Kenya,2002,Developing,55.0,205.0,31.0,45.0,4989.6849999999995,7.0,20.3,1.46,3.75,74915951
Kenya,2003,Developing,55.3,174.0,41.0,54.0,6741.23,7.7,25.3,5.52,1.09,290453916
Kenya,2004,Developing,54.9,237.0,54.0,63.0,7068.76,7.8,19.9,2.74,1.18,66648945
Kenya,2005,Developing,55.1,245.0,46.0,52.0,7431.46,7.3,21.3,4.14,3.08,89665977
Kenya,2006,Developing,55.4,213.0,46.0,52.0,7503.63,7.6,26.9,4.68,2.51,18480861
Kenya,2007,Developing,55.7,209.0,44.0,61.0,7634.94,7.7,23.4,4.54,3.89,222704008
Kenya,2008,Developing,56.2,225.0,37.0,55.0,7444.26,7.2,22.6,4.21,3.52,291923584
Kenya,2009,Developing,56.2,244.0,38.0,51.0,7672.76,8.1,22.6,4.14,4.34,242577698
Kenya,2010,Developing,56.3,232.0,39.0,52.0,8670.76,7.9,26.9,4.14,1.45,218034868
Kenya,2011,Developing,55.8,234.0,50.0,71.0,8260.43,8.1,18.7,-0.61,3.46,64005130
Kenya,2012,Developing,56.1,204.0,48.0,54.0,8473.8,8.1,19.6,1.5,3.89,263638166
Kenya,2013,Developing,57.1,261.0,44.0,51.0,8304.41,8.6,24.2,5.86,1.8,110713163
Kenya,2014,Developing,56.2,213.0,40.0,52.0,9339.66,7.8,25.6,2.16,3.15,296734222
Kenya,2015,Developing,56.8,245.0,38.0,45.0,8754.19,8.8,19.4,4.14,4.33,24380568
Ghana,2000,Developing,64.2,226.0,28.0,34.0,3105.47,9.7,25.8,5.96,4.41,175900982
Ghana,2001,Developing,65.3,191.0,46.0,62.0,3104.03,9.6,23.1,0.86,5.62,292646236
Ghana,2002,Developing,65.1,224.0,35.0,51.0,3233.3,10.0,23.1,4.14,5.19,195386582
Ghana,2003,Developing,65.6,223.0,43.0,55.0,3154.26,10.6,23.2,5.99,1.58,239149920
Ghana,2004,Developing,64.6,226.0,37.0,51.0,3389.95,10.8,25.2,4.65,4.17,241905969
Ghana,2005,Developing,65.5,212.0,46.0,64.0,3473.7,10.4,23.0,2.8,5.75,128361833
Ghana,2006,Developing,65.2,232.0,41.0,53.0,3558.34,10.6,21.2,4.2,5.74,23473124
Ghana,2007,Developing,66.3,208.0,45.0,66.0,3873.9,10.8,23.0,3.78,3.43,182677011
Ghana,2008,Developing,66.1,235.0,47.0,65.0,3894.67,11.2,21.3,4.14,6.82,35090796
Ghana,2009,Developing,66.4,196.0,42.0,61.0,3985.12,11.1,20.5,6.31,2.17,271168847
Ghana,2010,Developing,66.2,223.0,43.0,49.0,3956.64,10.8,21.0,2.29,5.93,241733397
Ghana,2011,Developing,67.5,222.0,45.0,51.0,4011.19,11.0,20.0,3.91,3.38,199693416
Ghana,2012,Developing,66.4,223.0,43.0,60.0,3988.55,8.2,24.5,5.91,5.83,135977576
Ghana,2013,Developing,66.3,240.0,38.0,54.0,4104.76,11.7,24.7,5.99,4.24,120452074
Ghana,2014,Developing,67.1,196.0,48.0,63.0,4305.39,11.4,23.8,2.46,3.2,242545701
Ghana,2015,Developing,66.7,217.0,39.0,53.0,4989.6849999999995,11.8,24.0,7.62,4.84,197652518
Tanzania,2000,Developing,52.4,235.0,40.0,59.0,3235.29,6.6,23.6,3.67,2.69,253023990
Tanzania,2001,Developing,53.2,275.0,43.0,50.0,3290.63,7.0,26.2,2.35,4.59,240907038
Tanzania,2002,Developing,53.4,203.0,39.0,47.0,3240.03,7.0,23.1,2.31,5.32,29850620
Tanzania,2003,Developing,53.1,229.0,33.0,43.0,3602.86,8.2,25.5,3.13,5.16,210350148
Tanzania,2004,Developing,52.1,217.0,47.0,55.0,3829.19,6.4,27.4,7.78,2.67,4078882
Tanzania,2005,Developing,53.3,243.0,40.0,58.0,3964.75,6.8,19.7,3.04,1.79,243700512
Tanzania,2006,Developing,53.6,232.0,42.0,61.0,3733.95,7.3,26.5,-0.06,2.21,130772975
Tanzania,2007,Developing,54.6,251.0,41.0,52.0,3780.66,8.2,25.1,3.88,2.88,144122065
Tanzania,2008,Developing,53.9,188.0,37.0,44.0,4989.6849999999995,6.9,23.1,2.9,2.35,206102536
Tanzania,2009,Developing,54.9,252.0,38.0,43.0,4431.84,7.2,23.3,8.32,1.21,56051355
Tanzania,2010,Developing,55.2,236.0,41.0,53.0,4114.4,7.5,22.2,1.03,3.89,142573282
Tanzania,2011,Developing,54.1,220.0,45.0,50.0,4532.11,8.1,18.3,2.49,3.89,80784284
Tanzania,2012,Developing,54.2,233.0,32.0,38.0,4501.78,8.0,25.0,4.05,2.42,60453134
Tanzania,2013,Developing,54.2,235.0,39.0,58.0,4464.54,8.4,23.6,4.3,3.04,246383159
Tanzania,2014,Developing,55.1,231.0,44.0,66.0,4490.02,7.6,26.2,3.61,3.81,40579572
Tanzania,2015,Developing,55.2,233.0,43.0,51.0,4859.82,7.9,21.0,6.9,3.53,146824958
Uganda,2000,Developing,70.3,200.0,45.0,55.0,5166.97,8.7,24.8,4.14,2.69,269210099
Uganda,2001,Developing,71.2,198.0,39.0,53.0,5017.2,9.2,26.1,5.91,3.89,221555411
Uganda,2002,Developing,70.8,208.0,46.0,67.0,5502.11,9.2,22.0,4.83,4.79,82828695
Uganda,2003,Developing,70.3,217.0,40.0,57.0,5491.38,9.2,23.2,0.69,2.45,77337284
Uganda,2004,Developing,70.9,181.0,31.0,40.0,5585.32,9.1,26.8,5.8,5.69,140580968
Uganda,2005,Developing,70.7,216.0,46.0,67.0,5715.95,9.3,25.5,8.2,1.92,41759705
Uganda,2006,Developing,71.7,229.0,49.0,68.0,6061.28,9.1,22.9,0.12,3.99,78568041
Uganda,2007,Developing,71.4,191.0,42.0,51.0,5802.36,9.9,21.4,4.14,2.94,263642149
Uganda,2008,Developing,71.5,213.0,45.0,56.0,6414.86,9.5,25.7,4.98,3.66,10675864
Uganda,2009,Developing,71.6,256.0,33.0,46.0,6907.93,10.0,16.5,7.07,5.82,209094006
Uganda,2010,Developing,71.5,225.0,37.0,46.0,6289.67,9.9,20.8,2.59,4.54,13012272
Uganda,2011,Developing,72.5,218.0,45.0,65.0,6612.19,10.2,22.8,4.58,4.74,29132051
Uganda,2012,Developing,71.9,196.0,41.0,62.0,6993.04,9.9,20.6,3.12,6.24,20346611
Uganda,2013,Developing,72.9,244.0,42.0,58.0,7148.69,10.4,21.4,3.87,3.46,255814606
Uganda,2014,Developing,72.8,230.0,34.0,46.0,7126.07,10.7,25.8,1.92,5.94,38626908
Uganda,2015,Developing,72.4,236.0,46.0,58.0,7324.37,10.3,23.6,5.0,4.02,293957745
Mozambique,2000,Developing,71.1,222.0,41.0,58.0,5621.71,6.0,21.0,5.0,5.89,89796753
Mozambique,2001,Developing,71.1,227.0,43.0,60.0,5607.01,7.1,20.8,5.79,4.19,224859965
Mozambique,2002,Developing,71.4,216.0,41.0,48.0,4989.6849999999995,7.1,25.6,5.01,3.95,13825630
Mozambique,2003,Developing,72.2,240.0,40.0,52.0,6235.35,6.6,25.0,6.92,5.35,111821723
Mozambique,2004,Developing,70.9,251.0,34.0,41.0,6069.15,7.0,23.1,0.47,6.61,65113169
Mozambique,2005,Developing,72.4,183.0,31.0,37.0,6891.51,6.9,25.0,2.99,5.74,288766965
Mozambique,2006,Developing,71.1,219.0,37.0,42.0,6824.97,7.2,18.9,7.03,4.62,107784898
Mozambique,2007,Developing,71.9,185.0,33.0,41.0,7189.92,8.2,22.3,5.8,5.81,87150461
Mozambique,2008,Developing,71.9,214.0,47.0,69.0,6886.96,7.4,24.6,4.44,4.57,30979042
Mozambique,2009,Developing,73.3,189.0,45.0,59.0,4989.6849999999995,7.6,25.4,2.94,4.65,73761884
Mozambique,2010,Developing,72.5,222.0,42.0,49.0,7508.23,7.0,22.0,5.43,3.89,262271706
Mozambique,2011,Developing,72.8,224.0,46.0,65.0,7937.44,7.8,25.2,3.38,3.89,163925692
Mozambique,2012,Developing,72.8,218.0,35.0,45.0,7485.5,7.1,22.1,5.22,5.66,161704537
Mozambique,2013,Developing,72.5,225.0,37.0,55.0,7486.98,7.4,21.3,5.71,5.85,288581075
Mozambique,2014,Developing,73.0,216.0,35.0,44.0,8490.01,7.6,26.6,3.06,4.29,165079299
Mozambique,2015,Developing,73.4,222.0,39.0,48.0,8615.95,8.2,24.8,0.86,1.76,159342019
Zambia,2000,Developing,65.0,226.0,43.0,57.0,2586.14,6.4,23.1,2.36,3.89,120786755
Zambia,2001,Developing,64.8,218.0,44.0,63.0,2555.84,6.6,24.1,8.61,3.68,66502200
Zambia,2002,Developing,65.4,224.0,41.0,56.0,2978.86,7.4,23.1,4.88,3.89,42277337
Zambia,2003,Developing,65.0,231.0,51.0,69.0,2853.76,7.0,21.2,3.44,5.85,110292644
Zambia,2004,Developing,65.1,234.0,40.0,46.0,3248.0,7.3,24.1,2.07,-0.07,95463859
Zambia,2005,Developing,65.9,257.0,36.0,43.0,4989.6849999999995,7.6,24.1,3.99,2.31,148150402
Zambia,2006,Developing,65.9,241.0,31.0,36.0,4989.6849999999995,6.6,23.1,2.73,3.89,228716395
Zambia,2007,Developing,66.0,236.0,30.0,40.0,3249.8,7.2,21.9,5.23,5.77,19988196
Zambia,2008,Developing,67.1,234.0,46.0,64.0,3360.75,7.5,25.1,7.02,5.68,139808313
Zambia,2009,Developing,66.6,216.0,41.0,55.0,3428.99,8.2,21.4,0.8,1.14,232638657
Zambia,2010,Developing,66.8,233.0,43.0,53.0,3566.57,8.2,24.0,2.97,2.07,184133141
Zambia,2011,Developing,67.0,226.0,34.0,41.0,3534.22,7.5,22.3,4.78,1.52,157383755
Zambia,2012,Developing,66.7,240.0,39.0,50.0,3842.61,7.5,20.6,3.83,3.9,90387268
Zambia,2013,Developing,67.1,219.0,40.0,49.0,3700.66,7.4,26.2,4.14,2.28,13099015
Zambia,2014,Developing,67.1,239.0,46.0,62.0,3664.73,7.8,23.1,6.02,1.2,10951767
Zambia,2015,Developing,66.9,207.0,35.0,49.0,4080.21,7.6,19.5,5.38,4.03,180874918
Zimbabwe,2000,Developing,58.0,206.0,34.0,50.0,4989.6849999999995,5.1,23.0,4.25,3.98,194584036
Zimbabwe,2001,Developing,58.3,181.0,33.0,49.0,5075.11,5.6,25.6,4.78,2.75,19724228
Zimbabwe,2002,Developing,58.4,237.0,39.0,50.0,4880.47,5.3,23.1,3.2,2.18,214245402
Zimbabwe,2003,Developing,58.1,231.0,40.0,56.0,5154.21,5.3,23.2,7.22,6.03,56848477
Zimbabwe,2004,Developing,59.2,240.0,49.0,54.0,5417.54,5.6,23.0,6.22,4.44,81398219
Zimbabwe,2005,Developing,58.3,206.0,37.0,44.0,5740.71,8.2,24.6,0.58,4.66,102215037
Zimbabwe,2006,Developing,59.3,226.0,41.0,52.0,5638.19,6.0,19.5,4.06,3.61,157870780
Zimbabwe,2007,Developing,59.4,207.0,43.0,58.0,6061.71,5.3,21.2,2.0,3.89,54291180
Zimbabwe,2008,Developing,58.8,231.0,37.0,48.0,6174.28,5.4,20.8,4.14,3.89,174389652
Zimbabwe,2009,Developing,59.7,243.0,28.0,33.0,5711.62,6.0,23.1,4.63,3.89,226501047
Zimbabwe,2010,Developing,59.5,212.0,30.0,40.0,6038.33,6.2,22.7,6.19,0.98,1335983
Zimbabwe,2011,Developing,60.3,234.0,38.0,56.0,6163.47,5.9,21.3,3.4,1.52,129935874
Zimbabwe,2012,Developing,59.5,193.0,41.0,49.0,6311.39,6.0,23.5,5.26,4.17,266485271
Zimbabwe,2013,Developing,59.7,251.0,29.0,40.0,6532.44,6.2,23.6,5.37,5.11,252002208
Zimbabwe,2014,Developing,59.7,219.0,43.0,54.0,6577.44,6.5,20.3,3.96,2.83,57779374
Zimbabwe,2015,Developing,60.3,198.0,39.0,47.0,7177.87,6.4,17.4,5.86,4.94,180622511
Bolivia,2000,Developing,69.5,218.0,49.0,68.0,7275.24,8.4,20.0,4.28,6.51,80702323
Bolivia,2001,Developing,69.6,237.0,34.0,45.0,7321.05,9.1,26.7,2.8,4.82,41069281
Bolivia,2002,Developing,70.2,216.0,46.0,58.0,7985.23,8.7,24.3,4.14,4.42,91036288
Bolivia,2003,Developing,70.2,243.0,38.0,52.0,8404.33,9.3,22.2,4.46,3.97,1226884
Bolivia,2004,Developing,69.8,211.0,34.0,44.0,8466.9,8.8,23.3,4.14,3.66,5533027
Bolivia,2005,Developing,70.4,223.0,38.0,47.0,8477.74,9.0,22.9,5.75,4.12,172307957
Bolivia,2006,Developing,70.5,206.0,35.0,51.0,4989.6849999999995,9.3,22.9,7.37,3.5,125818855
Bolivia,2007,Developing,70.7,258.0,40.0,51.0,9058.28,9.0,24.7,2.75,2.53,182825255
Bolivia,2008,Developing,70.2,205.0,31.0,36.0,9344.8,9.3,21.5,5.46,5.01,286890223
Bolivia,2009,Developing,70.1,245.0,42.0,46.0,9655.65,8.9,19.4,3.7,2.84,292682853
Bolivia,2010,Developing,70.5,230.0,40.0,53.0,10154.01,9.6,24.0,7.87,3.05,22133380
Bolivia,2011,Developing,71.4,221.0,38.0,53.0,9527.89,9.9,21.8,3.1,2.47,64850111
Bolivia,2012,Developing,71.6,229.0,43.0,56.0,9736.04,9.4,20.2,3.96,4.41,290055312
Bolivia,2013,Developing,71.5,222.0,47.0,55.0,9880.28,9.2,21.3,7.33,5.16,211459267
Bolivia,2014,Developing,71.7,187.0,47.0,56.0,10271.87,9.4,18.9,2.89,5.32,164719609
Bolivia,2015,Developing,71.5,221.0,37.0,50.0,4989.6849999999995,9.7,24.5,8.1,2.68,216025518
Cambodia,2000,Developing,70.8,241.0,37.0,50.0,994.62,8.2,23.1,3.0,4.4,38656823
Cambodia,2001,Developing,70.8,210.0,33.0,43.0,871.42,8.2,23.1,4.08,1.87,140064664
Cambodia,2002,Developing,71.3,216.0,32.0,48.0,1011.11,5.5,25.8,5.95,7.08,256603987
Cambodia,2003,Developing,70.5,235.0,37.0,48.0,960.1,5.2,20.3,2.07,5.77,296052467
Cambodia,2004,Developing,71.1,238.0,37.0,47.0,1012.08,5.4,27.0,0.67,3.56,219135154
Cambodia,2005,Developing,71.5,253.0,39.0,54.0,986.73,5.4,21.6,4.14,4.71,34431880
Cambodia,2006,Developing,71.2,220.0,35.0,47.0,4989.6849999999995,5.6,22.0,3.16,-0.82,227309505
Cambodia,2007,Developing,71.5,223.0,45.0,53.0,1137.09,5.7,21.9,5.41,2.09,113038881
Cambodia,2008,Developing,71.4,218.0,39.0,56.0,1157.68,6.3,23.1,4.14,0.93,40698760
Cambodia,2009,Developing,72.2,184.0,46.0,53.0,1143.28,5.7,22.6,1.99,5.9,258612721
Cambodia,2010,Developing,72.2,258.0,32.0,44.0,1280.74,6.3,23.1,4.14,5.49,264605518
Cambodia,2011,Developing,72.6,202.0,34.0,40.0,1187.58,6.1,23.3,3.28,2.16,74736599
Cambodia,2012,Developing,72.0,219.0,37.0,41.0,1193.8,5.8,20.1,4.14,4.76,189568865
Cambodia,2013,Developing,72.4,204.0,42.0,61.0,1284.79,5.8,22.9,4.14,5.53,173541721
Cambodia,2014,Developing,72.3,186.0,35.0,48.0,1380.41,6.9,22.3,4.61,2.9,156395670
Cambodia,2015,Developing,72.5,225.0,34.0,43.0,1367.84,6.5,23.1,4.69,1.05,49524640
